8411285597;Tierney;Johan;
9910247016;Bolin;Erik;
8410024155;Edenström;Per
9603279196;Megale;Rikhard;
8507287620;Pikosz;Zainab;
8406288035;Bergström;Jakob;
8411147227;Stoltz;Cathrine;
8004078582;Wahlström;Kristin;
9711081058;Artien;Cristoffer;
8804056275;Surell;Daniela;
9912133280;Lindberg;Thomas;
9310268161;Björnskär;Niklas;
8704153206;Kronkvist;Nadia;
9405163587;Sparrenlöv;Anton;
8304085434;Nord;Peter;
9308259021;Lönn;Käti;
8110162573;Pettersson;Elif;
8403112014;Roth;Axel;
9702164712;August;Frida;
9204019797;Marcus;Sebastian;
9011013693;Offlie;Madeleine;
8301036216;Jangstål;Oscar;
8111275450;Isaksson;Mikaela;
8608281882;Malek;Andreas;
9209198090;Winsnes;Malin;
9206135900;Westergren;Emelie;
9301039416;Hiselius;Alexandra;
9411270506;Hagersten;Joel;
8111153411;Davidsson;Daniel;
8211038329;Herner;Per;
8710238753;Agdelius;Alexander;
8501065829;Karlsson;Rasmus;
9201288650;Jonsson;Sara;
8608237481;Danielsson;Annelie;
8201171262;Baehrendtz;Felix;
9909030898;Collander;Erik;
9007030671;Johansson;David;
8104151429;Gillerfalk;Ingrid;
8708230152;Cosser;Fredrik;
8708140677;Mattsson;Mats;
9801254389;Skagerberg;Mikael;